<?xml version="1.0" encoding="UTF-8" ?>
<!-- Generated by Oracle SOA Modeler version 12.2.2.0.0.160115 at [1/20/16 1:32 AM]. -->
<composite name="CALL_HELLO_WORLD_PROJ"
           revision="1.0"
           label="2016-01-20_01-32-25_712"
           mode="active"
           state="on"
           xmlns="http://xmlns.oracle.com/sca/1.0"
           xmlns:xs="http://www.w3.org/2001/XMLSchema"
           xmlns:wsp="http://schemas.xmlsoap.org/ws/2004/09/policy"
           xmlns:orawsp="http://schemas.oracle.com/ws/2006/01/policy"
           xmlns:ui="http://xmlns.oracle.com/soa/designer/"
           xmlns:sca-ext="http://xmlns.oracle.com/sca/1.0-ext">
  <import namespace="http://xmlns.oracle.com/REST_Application/CALL_HELLO_WORLD_PROJ/RestService"
          location="WSDLs/RestService.wsdl" importType="wsdl"/>
  <import namespace="http://xmlns.oracle.com/REST_Application/CALL_HELLO_WORLD_PROJ/RestReference_Ext"
          location="WSDLs/RestReference_Ext.wsdl" importType="wsdl"/>
  <service name="RestService" ui:wsdlLocation="WSDLs/RestService.wsdl">
    <interface.wsdl interface="http://xmlns.oracle.com/REST_Application/CALL_HELLO_WORLD_PROJ/RestService#wsdl.interface(RestService_ptt)"/>
    <binding.rest config="WADLs/RestService.wadl"/>
  </service>
  <property name="productVersion" type="xs:string" many="false">12.2.2.0.0.160115</property>
  <property name="compositeID" type="xs:string" many="false">05053c4a-c3ff-402c-84f6-345898f9cb60</property>
  <component name="BPELProcess1" version="2.0">
    <implementation.bpel src="BPEL/BPELProcess1.bpel"/>
    <componentType>
      <service name="RestService" ui:wsdlLocation="WSDLs/RestService.wsdl">
        <interface.wsdl interface="http://xmlns.oracle.com/REST_Application/CALL_HELLO_WORLD_PROJ/RestService#wsdl.interface(RestService_ptt)"/>
      </service>
      <reference name="RestReference_Ext" ui:wsdlLocation="WSDLs/RestReference_Ext.wsdl">
        <interface.wsdl interface="http://xmlns.oracle.com/REST_Application/CALL_HELLO_WORLD_PROJ/RestReference_Ext#wsdl.interface(RestReference_Ext_ptt)"/>
      </reference>
    </componentType>
  </component>
  <reference name="RestReference_Ext" ui:wsdlLocation="WSDLs/RestReference_Ext.wsdl">
    <interface.wsdl interface="http://xmlns.oracle.com/REST_Application/CALL_HELLO_WORLD_PROJ/RestReference_Ext#wsdl.interface(RestReference_Ext_ptt)"/>
    <binding.rest config="WADLs/RestReference_Ext.wadl"
                  location="http://10.177.101.137:7001/rest-test-app-1.0-SNAPSHOT/rest"/>
  </reference>
  <wire>
    <source.uri>RestService</source.uri>
    <target.uri>BPELProcess1/RestService</target.uri>
  </wire>
  <wire>
    <source.uri>BPELProcess1/RestReference_Ext</source.uri>
    <target.uri>RestReference_Ext</target.uri>
  </wire>
</composite>
